Species,lipid_class,E11,E12,E14,E17,P0,P1,P7,P21,FA1,FA2
PC32:1p,PC,2.35E-05,4.51E-05,5.77E-05,5.82E-05,0.000197893,0.000163716,0.000246487,0.000115276,32:1,NA
PC32:0p,PC,8.49E-05,0.000142997,0.000153424,0.000167124,0.000587041,0.000409021,0.001066903,0.000619295,32:0,NA
PC34:1p,PC,5.00E-05,7.69E-05,9.67E-05,0.000121913,0.000382159,0.000361004,0.000861314,0.000278001,34:1,NA
PC34:0p,PC,0.000271641,0.00034491,0.000453065,0.000417228,0.001549822,0.00137952,0.001865685,0.000949044,34:0,NA
PC36:4p,PC,1.50E-05,3.03E-05,3.72E-05,3.63E-05,0.000112261,0.000228611,0.000554153,0.000698873,36:4,NA
PC36:3p,PC,9.32E-05,0.000190855,0.000224375,0.000244937,0.000686912,0.000734145,0.00223684,0.00211562,36:3,NA
PC36:2p,PC,2.70E-05,5.24E-05,7.60E-05,9.72E-05,0.000369763,0.000362942,0.000888311,0.00042415,36:2,NA
PC36:1p,PC,2.08E-05,2.71E-05,5.11E-05,6.38E-05,0.000326985,0.000276424,0.000306958,0.000122642,36:1,NA
PC36:0p,PC,6.13E-05,0.000101058,0.000162887,0.000156294,0.000804569,0.000898513,0.000448916,0.001045635,36:0,NA
PC38:4p,PC,6.47E-05,0.000121261,0.000128096,0.000157134,0.000749441,0.000684913,0.001347589,0.001328157,38:4,NA
PC38:3p,PC,3.31E-05,8.03E-05,9.26E-05,8.95E-05,0.000378634,0.000356753,0.000735453,0.000925084,38:3,NA
PC38:1p,PC,9.11E-06,1.49E-05,5.59E-05,4.17E-05,0.000165414,0.0005125,0.000320008,0.000966776,38:1,NA
PC40:5p,PC,6.84E-06,1.32E-05,1.27E-05,1.52E-05,6.22E-05,3.46E-05,0.000161166,0.000213425,40:5,NA
PC40:4p,PC,1.72E-05,2.75E-05,2.59E-05,2.13E-05,0.000142263,0.000392593,0.000439057,0.000947357,40:4,NA
PC40:3p,PC,1.12E-05,2.21E-05,3.82E-05,2.54E-05,8.73E-05,0.000362821,0.000384446,0.001152507,40:3,NA
PC40:2p,PC,2.74E-06,5.79E-06,1.63E-05,1.00E-05,5.04E-05,0.0002417,0.000136561,0.000287943,40:2,NA
PC40:1p,PC,4.92E-06,1.07E-05,1.83E-05,2.04E-05,6.57E-05,0.000219015,0.000117926,0.000268662,40:1,NA
PC32:2,PC,9.04E-05,0.000415344,0.000504483,0.000538425,0.000665514,0.00071811,0.004704732,0.012664953,32:2,NA
PC32:1,PC,0.00060985,0.003683844,0.00580862,0.006137315,0.007455888,0.003450156,0.008052278,0.015304643,32:1,NA
PC32:0,PC,0.001772157,0.008117447,0.010732404,0.010520099,0.010045793,0.008407673,0.034336145,0.054229713,32:0,NA
PC34:3,PC,0.000250483,0.001125551,0.001617103,0.002351086,0.003228764,0.002853894,0.008814837,0.020303149,34:3,NA
PC34:2,PC,0.001576912,0.008836256,0.013692429,0.026757996,0.034134126,0.050291429,0.226473213,0.515069827,34:2,NA
PC34:1,PC,0.002508948,0.012264011,0.022159206,0.033160795,0.056425932,0.031469915,0.105216613,0.204756831,34:1,NA
PC34:0,PC,0.000530421,0.002652726,0.003981683,0.004648848,0.006645252,0.004117689,0.013138608,0.022333981,34:0,NA
PC36:5,PC,7.76E-05,0.000424887,0.000715003,0.001637929,0.002385717,0.001967388,0.006711098,0.019874699,36:5,NA
PC36:4,PC,0.000973248,0.005885961,0.007826303,0.012645341,0.013052994,0.022477073,0.188705923,0.376174673,36:4,NA
PC36:3,PC,0.000701886,0.003207457,0.005482063,0.00868497,0.014789451,0.0123486,0.064201424,0.12956113,36:3,NA
PC36:2,PC,0.000972533,0.004091039,0.008550357,0.01717122,0.034627402,0.019517089,0.092670214,0.206202322,36:2,NA
PC36:1,PC,0.000407408,0.001778163,0.003696789,0.008211016,0.017291234,0.006556345,0.020218348,0.037906571,36:1,NA
PC36:0,PC,4.03E-05,0.000195378,0.000352487,0.000762709,0.001612764,0.000863142,0.001682105,0.002641985,36:0,NA
PC38:6,PC,0.000407745,0.00223812,0.004122963,0.020644517,0.029698918,0.024550766,0.410852235,0.533408064,38:6,NA
PC38:5,PC,0.000406353,0.001935346,0.003029511,0.006331902,0.010582784,0.009656159,0.077734227,0.136509117,38:5,NA
PC38:4,PC,0.000652441,0.002978258,0.004531483,0.009342319,0.014678561,0.016154094,0.143426553,0.258413299,38:4,NA
PC38:3,PC,0.000168988,0.000734518,0.001316777,0.002956457,0.007124729,0.00382344,0.034317116,0.053987432,38:3,NA
PC38:2,PC,4.14E-05,0.000181414,0.000406211,0.000699059,0.001756361,0.002195494,0.005710195,0.008887856,38:2,NA
PC38:1,PC,8.67E-06,4.38E-05,0.000122502,0.000177946,0.000355409,0.000532129,0.000649321,0.001516421,38:1,NA
PC40:7,PC,0.000103028,0.000557811,0.000789379,0.002066091,0.005331044,0.002937318,0.016667188,0.04034415,40:7,NA
PC40:6,PC,0.000214795,0.001020462,0.001873556,0.010888203,0.022297005,0.008144167,0.127922146,0.129775079,40:6,NA
PC40:5,PC,0.000104158,0.000433764,0.00065525,0.002028481,0.004509512,0.002017506,0.023624195,0.026478541,40:5,NA
PC40:4,PC,6.10E-05,0.000270034,0.000308949,0.00045928,0.00081912,0.001374734,0.003850516,0.00566078,40:4,NA
PC40:3,PC,1.77E-05,7.20E-05,0.000133044,0.000142046,0.000213361,0.000774108,0.000865381,0.001468192,40:3,NA
PC40:2,PC,8.83E-06,3.28E-05,8.30E-05,8.04E-05,0.000154616,0.0007943,0.000289452,0.000796069,40:2,NA
PC40:1,PC,3.95E-06,2.68E-05,5.49E-05,6.37E-05,7.21E-05,0.000335936,0.000202606,0.000361034,40:1,NA
PC42:7,PC,1.67E-05,6.17E-05,5.26E-05,6.13E-05,8.82E-05,8.15E-05,0.001024822,0.001183886,42:7,NA
PC42:6,PC,2.20E-05,7.46E-05,8.22E-05,0.00010704,0.00012744,0.000101233,0.000642653,0.000937776,42:6,NA
PC42:5,PC,2.38E-05,7.45E-05,7.27E-05,8.85E-05,0.000140305,0.000178693,0.000598157,0.001190652,42:5,NA
PC42:4,PC,8.18E-06,4.98E-05,4.78E-05,6.21E-05,7.11E-05,0.000279694,0.000331026,0.000634897,42:4,NA
PC42:3,PC,5.04E-06,2.22E-05,3.45E-05,3.01E-05,4.29E-05,0.000135623,0.000219877,0.000286417,42:3,NA
PC42:2,PC,5.05E-06,2.75E-05,4.10E-05,4.46E-05,6.53E-05,0.000314107,0.000186946,0.000186556,42:2,NA
PC42:1,PC,2.64E-06,2.18E-05,4.14E-05,4.38E-05,5.45E-05,0.000196902,6.15E-05,7.69E-05,42:1,NA
SM d18:1/14:0,SM,4.69E-06,1.89E-05,4.23E-05,6.87E-05,0.000110954,0.000159808,0.000965879,0.000934491,14:0,NA
SM d18:1/15:0,SM,2.22E-06,1.56E-05,2.06E-05,4.21E-05,6.92E-05,0.000120228,0.000391731,0.000813141,15:0,NA
SM d18:1/16:1,SM,2.29E-05,0.000111586,0.000150909,0.000294421,0.00040119,0.000594744,0.00113656,0.000787817,16:1,NA
SM d18:1/16:0,SM,0.000761506,0.002837113,0.005160478,0.009648769,0.013771517,0.016663467,0.04635192,0.0343452,16:0,NA
SM d18:0/16:0,SM,5.71E-05,0.000234375,0.00041283,0.000766972,0.001067847,0.001270845,0.00350691,0.00265656,16:0,NA
SM d18:1/17:0,SM,5.02E-06,2.06E-05,3.67E-05,8.37E-05,0.000175304,0.000160962,0.000161007,0.000410164,17:0,NA
SM d18:1/18:1,SM,6.03E-06,2.80E-05,4.22E-05,0.000106974,0.000262765,0.000229995,0.000288015,0.000517401,18:1,NA
SM d18:1/18:0,SM,5.37E-05,0.000232605,0.000587494,0.001688815,0.003624146,0.002791351,0.004157934,0.007618896,18:0,NA
SM d18:0/18:0,SM,4.51E-06,2.03E-05,5.39E-05,0.000146622,0.000291709,0.000241729,0.000282294,0.000627246,18:0,NA
SM d18:1/19:0,SM,6.31E-07,3.63E-06,8.33E-06,1.55E-05,3.41E-05,4.38E-05,9.34E-05,0.00049895,19:0,NA
SM d18:1/20:1,SM,2.43E-06,1.53E-05,2.90E-05,6.54E-05,0.00011287,0.000106219,0.000185069,0.000380626,20:1,NA
SM d18:1/20:0,SM,2.21E-05,0.000113167,0.000300981,0.000768542,0.001161938,0.00094737,0.001114636,0.003533084,20:0,NA
SM d18:1/21:0,SM,9.48E-07,4.27E-06,1.10E-05,2.83E-05,4.95E-05,5.84E-05,9.38E-05,0.001079011,21:0,NA
SM d18:1/22:1,SM,1.37E-05,9.96E-05,0.000226254,0.000516023,0.00063885,0.00074273,0.001071488,0.003269684,22:1,NA
SM d18:1/22:0,SM,8.95E-05,0.000691542,0.001775041,0.004426922,0.005408911,0.004784205,0.003795447,0.013624997,22:0,NA
SM d18:1/23:1,SM,2.36E-06,1.73E-05,3.36E-05,5.43E-05,8.96E-05,0.000147648,0.000396285,0.002953082,23:1,NA
SM d18:1/23:0,SM,7.61E-06,4.56E-05,8.36E-05,0.000167868,0.000263662,0.000403854,0.001587903,0.01077084,23:0,NA
SM d18:1/24:1,SM,0.000252142,0.001408968,0.003086203,0.004727922,0.007220785,0.009094039,0.028218618,0.056573414,24:1,NA
SM d18:1/24:0,SM,0.000174857,0.001331366,0.002850053,0.004462499,0.005059484,0.005650793,0.011215397,0.028607698,24:0,NA
SM d18:0/24:0,SM,1.56E-05,0.000147715,0.000286649,0.00048899,0.000512691,0.000547961,0.000919761,0.002806493,24:0,NA
SM d18:1/25:1,SM,9.77E-07,8.87E-06,2.23E-05,2.69E-05,4.03E-05,0.000118864,0.000206956,0.000912025,25:1,NA
SM d18:1/25:0,SM,1.20E-06,1.17E-05,2.17E-05,2.35E-05,3.51E-05,9.86E-05,0.00027296,0.001523715,25:0,NA
SM d18:1/26:1,SM,5.35E-06,2.96E-05,5.36E-05,6.60E-05,9.21E-05,0.00011761,0.00025001,0.000376792,26:1,NA
SM d18:1/26:0,SM,2.84E-06,2.05E-05,3.30E-05,4.69E-05,5.52E-05,7.98E-05,0.000143691,0.000213312,26:0,NA
GluCer d18:1/12:0,GluCer,1.46E-09,2.53E-09,3.45E-09,4.07E-09,1.57E-08,6.27E-08,2.36E-06,2.00E-06,12:0,NA
GluCer d18:1/14:0,GluCer,1.52E-07,2.50E-07,3.30E-07,4.02E-07,1.37E-06,1.17E-06,1.53E-05,1.60E-05,14:0,NA
GluCer d18:1/15:0,GluCer,2.77E-08,5.63E-08,8.53E-08,1.27E-07,3.40E-07,3.27E-07,7.25E-07,1.02E-06,15:0,NA
GluCer d18:1/16:0,GluCer,3.88E-05,8.26E-05,0.000106296,0.000135629,0.000336717,0.000257691,0.001141794,0.000843576,16:0,NA
GluCer d18:0/16:0,GluCer,9.22E-07,1.90E-06,2.44E-06,3.12E-06,7.66E-06,5.72E-06,2.71E-05,1.90E-05,16:0,NA
GluCer d18:1/17:0,GluCer,2.99E-07,5.69E-07,5.99E-07,9.22E-07,3.54E-06,2.09E-06,3.67E-06,6.83E-06,17:0,NA
GluCer d18:1/18:0,GluCer,3.57E-06,6.91E-06,7.91E-06,1.59E-05,8.27E-05,3.65E-05,6.69E-05,0.000161075,18:0,NA
GluCer d18:0/18:0,GluCer,6.94E-08,1.42E-07,1.67E-07,3.31E-07,1.78E-06,7.64E-07,1.44E-06,3.09E-06,18:0,NA
GluCer d18:1/19:0,GluCer,2.93E-08,4.92E-08,5.39E-08,9.92E-08,4.84E-07,4.64E-07,2.05E-06,1.01E-05,19:0,NA
GluCer d18:1/20:0,GluCer,2.34E-06,5.85E-06,6.86E-06,1.08E-05,3.67E-05,2.03E-05,2.76E-05,8.67E-05,20:0,NA
GluCer d18:0/20:0,GluCer,5.52E-08,1.20E-07,1.54E-07,2.41E-07,8.09E-07,4.28E-07,5.60E-07,1.66E-06,20:0,NA
GluCer d18:1/21:0,GluCer,4.50E-08,1.08E-07,1.37E-07,2.21E-07,6.04E-07,9.83E-07,2.94E-06,1.68E-05,21:0,NA
GluCer d18:1/22:0,GluCer,8.81E-06,2.85E-05,3.77E-05,6.26E-05,0.000155213,0.000104762,0.000127719,0.000357843,22:0,NA
GluCer d18:0/22:0,GluCer,2.08E-07,6.80E-07,9.34E-07,1.67E-06,4.27E-06,2.42E-06,3.15E-06,8.42E-06,22:0,NA
GluCer d18:1/23:0,GluCer,7.69E-07,1.81E-06,2.28E-06,2.91E-06,8.43E-06,1.05E-05,6.27E-05,0.000236218,23:0,NA
GluCer d18:0/23:0,GluCer,1.50E-08,3.24E-08,4.49E-08,5.53E-08,1.79E-07,1.93E-07,1.41E-06,4.92E-06,23:0,NA
GluCer d18:1/24:1,GluCer,1.15E-05,2.91E-05,4.65E-05,4.93E-05,0.000155563,0.000135105,0.0004219,0.000614713,24:1,NA
GluCer d18:0/24:1,GluCer,2.70E-05,7.40E-05,0.000106524,0.000101431,0.000216128,0.000166766,0.000369624,0.000596886,24:1,NA
GluCer d18:1/24:0,GluCer,4.29E-07,1.21E-06,1.76E-06,1.88E-06,4.72E-06,3.81E-06,1.22E-05,1.76E-05,24:0,NA
GluCer d18:0/24:0,GluCer,5.95E-07,1.66E-06,2.38E-06,2.32E-06,4.99E-06,3.42E-06,8.57E-06,1.29E-05,24:0,NA
GluCer d18:1/25:1,GluCer,6.24E-08,1.56E-07,2.60E-07,1.95E-07,6.08E-07,1.83E-06,5.28E-06,9.74E-06,25:1,NA
GluCer d18:0/25:1,GluCer,2.24E-07,5.15E-07,7.21E-07,6.17E-07,1.35E-06,3.40E-06,1.38E-05,3.27E-05,25:1,NA
GluCer d18:1/26:1,GluCer,3.41E-07,9.62E-07,1.59E-06,9.14E-07,1.90E-06,2.27E-06,7.10E-06,6.12E-06,26:1,NA
GluCer d18:0/26:1,GluCer,5.00E-07,1.45E-06,1.96E-06,1.24E-06,1.90E-06,2.50E-06,7.32E-06,9.87E-06,26:1,NA
LacCer d18:1/14:0,LacCer,4.49E-08,9.69E-08,4.11E-07,2.38E-07,2.33E-07,1.00E-06,2.70E-06,2.25E-06,14:0,NA
LacCer d18:1/16:0,LacCer,1.28E-05,2.63E-05,4.30E-05,2.34E-05,4.38E-05,5.77E-05,9.02E-05,4.59E-05,16:0,NA
LacCer d18:0/16:0,LacCer,2.79E-07,5.44E-07,1.05E-06,4.93E-07,1.11E-06,3.00E-06,2.95E-06,1.60E-06,16:0,NA
LacCer d18:1/18:0,LacCer,1.12E-06,2.07E-06,4.77E-06,3.46E-06,6.23E-06,1.01E-05,1.03E-05,9.04E-06,18:0,NA
LacCer d18:1/20:0,LacCer,9.06E-07,1.24E-06,2.54E-06,1.30E-06,2.97E-06,5.14E-06,2.87E-06,3.15E-06,20:0,NA
LacCer d18:1/22:0,LacCer,3.81E-06,4.69E-06,1.10E-05,4.58E-06,1.24E-05,2.19E-05,7.42E-06,8.07E-06,22:0,NA
LacCer d18:1/23:0,LacCer,2.32E-07,2.67E-07,4.43E-07,1.51E-07,3.81E-07,9.07E-07,1.87E-06,3.44E-06,23:0,NA
LacCer d18:1/24:1,LacCer,3.51E-06,4.00E-06,8.56E-06,3.99E-06,1.10E-05,2.24E-05,1.97E-05,1.53E-05,24:1,NA
LacCer d18:1/24:0,LacCer,7.63E-06,6.73E-06,1.48E-05,5.31E-06,1.20E-05,2.38E-05,1.26E-05,9.72E-06,24:0,NA
PE42:3p,PE,1.32E-05,1.22E-05,6.68E-05,6.04E-05,0.000157327,0.000840529,0.000360092,0.000475063,42:3,NA
PE42:2p,PE,7.27E-06,3.39E-05,7.55E-05,7.56E-05,0.000166112,0.001030324,0.000327212,0.000590972,42:2,NA
PE42:1p,PE,7.85E-06,2.02E-05,8.53E-05,7.63E-05,0.00019812,0.001376348,0.000477991,0.000739064,42:1,NA
PE42:0p,PE,8.38E-06,2.08E-05,6.54E-05,5.06E-05,9.18E-05,0.000919475,0.000638748,0.000938387,42:0,NA
PE40:6p,PE,0.000108888,0.000243052,0.000238862,0.000203916,0.000679922,0.000802958,0.001532,0.002247637,40:6,NA
PE40:5p,PE,0.000109714,0.000196382,0.000229061,0.000187449,0.000639361,0.000844223,0.001495525,0.002917858,40:5,NA
PE40:4p,PE,8.36E-05,0.00018122,0.000246919,0.000242953,0.000648307,0.001408411,0.00122934,0.002240066,40:4,NA
PE38:6p,PE,0.000150903,0.000315219,0.000357906,0.000262124,0.001030007,0.001226241,0.003110217,0.004262564,38:6,NA
PE38:5p,PE,0.000191535,0.000425409,0.000356592,0.000354252,0.001222918,0.00120558,0.003187875,0.003809597,38:5,NA
PE38:4p,PE,0.000285906,0.000636058,0.000551751,0.000450832,0.001473035,0.001214507,0.003019276,0.00417886,38:4,NA
PE36:3p,PE,7.82E-05,0.000153718,0.000168566,0.000152851,0.000420273,0.000541222,0.001283446,0.001393124,36:3,NA
PE34:2p,PE,3.07E-05,6.46E-05,8.00E-05,9.38E-05,0.00032958,0.000391502,0.000505277,0.000502836,34:2,NA
PE34:1p,PE,9.59E-05,0.000193883,0.000251777,0.000234703,0.000711294,0.000675202,0.000970481,0.00055041,34:1,NA
PE32:1,PE,3.71E-05,0.000243846,0.000438529,0.000482086,0.000301538,0.000374346,0.000443955,0.001349633,32:1,NA
PE32:0,PE,3.71E-05,0.000138131,0.000235472,0.000164394,0.000174088,0.0002671,0.000520485,0.001634464,32:0,NA
PE34:2,PE,0.000239808,0.001274236,0.0021829,0.003023731,0.003601504,0.00329401,0.012460443,0.040921901,34:2,NA
PE34:1,PE,0.00031626,0.001481904,0.00252102,0.002472906,0.002462927,0.001744579,0.003671668,0.013466673,34:1,NA
PE34:0,PE,6.07E-05,0.000278807,0.00045361,0.000349771,0.000340944,0.000374786,0.000736203,0.002379313,34:0,NA
PE36:4,PE,0.000459049,0.002394703,0.003903811,0.006671202,0.00663432,0.006687177,0.030179579,0.083478541,36:4,NA
PE36:3,PE,0.000273477,0.001471837,0.002182897,0.002895232,0.003463421,0.002680502,0.00730273,0.026698408,36:3,NA
PE36:2,PE,0.000387575,0.001778912,0.003526507,0.004015704,0.004325129,0.003676924,0.01370119,0.047691541,36:2,NA
PE36:1,PE,0.000162623,0.000619963,0.001458391,0.001511132,0.001522132,0.001305727,0.00268247,0.009742531,36:1,NA
PE38:7,PE,1.81E-05,0.000128087,0.000302041,0.000468527,0.000520311,0.000528698,0.001329891,0.003755495,38:7,NA
PE38:6,PE,0.000314439,0.002211388,0.00575407,0.016793542,0.015835853,0.01437814,0.129512012,0.219072618,38:6,NA
PE38:5,PE,0.000351881,0.00251197,0.003876031,0.006062825,0.007636013,0.00610685,0.029951782,0.071574415,38:5,NA
PE38:4,PE,0.000734222,0.004317527,0.006780018,0.013137362,0.016603813,0.017573595,0.094161931,0.229023013,38:4,NA
PE38:3,PE,0.000123022,0.000690736,0.001303288,0.00213109,0.002510361,0.00292728,0.014465425,0.032312472,38:3,NA
PE40:6,PE,0.000206447,0.001180767,0.002972845,0.007079556,0.007153401,0.00598098,0.049825364,0.073292522,40:6,NA
PE40:5,PE,6.79E-05,0.000463946,0.000917538,0.001453573,0.001611159,0.001734973,0.010146107,0.015308797,40:5,NA
PE40:4,PE,5.71E-05,0.000324677,0.000665101,0.000589535,0.000761748,0.002109359,0.002773252,0.005538492,40:4,NA
PE42:5,PE,1.81E-05,5.97E-05,0.000198063,0.000168482,0.000178489,0.000723768,0.000903179,0.001621935,42:5,NA
PE42:4,PE,1.23E-05,5.50E-05,0.000185472,0.000182501,0.000259981,0.000873422,0.000579894,0.001160668,42:4,NA
PI 34:2,PI,8.41E-06,2.12E-05,4.40E-05,3.34E-05,3.63E-05,5.00E-05,0.000176891,0.000518556,34:2,NA
PI 34:1,PI,1.14E-05,6.68E-05,0.000132056,8.01E-05,5.03E-05,4.37E-05,7.11E-05,0.000122058,34:1,NA
PI 36:4,PI,4.76E-05,0.000111985,0.000238103,0.000507758,0.0004518,0.000527123,0.002011348,0.002094991,36:4,NA
PI 36:3,PI,2.30E-05,6.01E-05,0.000106834,0.000136719,0.000175173,0.000128612,0.000363462,0.000597392,36:3,NA
PI 36:2,PI,4.24E-05,0.000110476,0.000178205,0.000109591,0.000158737,0.000104815,0.000203239,0.000440324,36:2,NA
PI 36:1,PI,1.84E-05,6.84E-05,0.000112091,6.26E-05,5.39E-05,3.46E-05,4.36E-05,0.00010394,36:1,NA
PI 38:6,PI,4.08E-06,1.16E-05,2.12E-05,3.27E-05,3.34E-05,3.26E-05,9.28E-05,0.000160879,38:6,NA
PI 38:5,PI,6.67E-05,0.000153255,0.000243902,0.000352892,0.000527916,0.0004056,0.000548831,0.000665918,38:5,NA
PI 38:4,PI,0.000295068,0.000805654,0.00133784,0.001744275,0.003810702,0.003147158,0.012250974,0.016389657,38:4,NA
PI 38:3,PI,5.94E-05,0.000158546,0.000298154,0.000371971,0.000811706,0.000495964,0.001793478,0.002638489,38:3,NA
PI 40:6,PI,1.09E-05,3.64E-05,6.81E-05,6.17E-05,5.68E-05,5.35E-05,0.000107885,0.000206143,40:6,NA
PI 40:5,PI,9.54E-06,2.33E-05,4.31E-05,4.45E-05,5.93E-05,4.37E-05,0.000115943,0.000150708,40:5,NA
PI 40:4,PI,9.58E-06,2.91E-05,4.14E-05,3.25E-05,4.34E-05,3.74E-05,5.76E-05,9.56E-05,40:4,NA
GM3 d18:1/16:0,GM3,9.19E-05,0.00012298,0.000214752,0.000111731,0.000158377,0.000139882,0.000216518,8.43E-05,16:0,NA
GM3 d18:0/16:0,GM3,1.71E-05,2.33E-05,4.09E-05,2.32E-05,4.08E-05,3.10E-05,6.21E-05,4.85E-05,16:0,NA
GM3 d18:1/18:0,GM3,5.57E-06,9.38E-06,1.51E-05,9.44E-06,2.12E-05,2.00E-05,1.10E-05,1.28E-05,18:0,NA
GM3 d18:1/20:0,GM3,3.72E-06,5.98E-06,1.44E-05,6.76E-06,1.19E-05,1.13E-05,1.23E-05,9.77E-06,20:0,NA
GM3 d18:1/22:0,GM3,1.65E-05,3.03E-05,5.69E-05,2.45E-05,5.29E-05,4.77E-05,2.96E-05,3.31E-05,22:0,NA
GM3 d18:1/24:1,GM3,1.84E-05,2.72E-05,4.88E-05,3.15E-05,5.97E-05,5.17E-05,6.92E-05,5.04E-05,24:1,NA
GM3 d18:1/24:0,GM3,3.12E-05,4.91E-05,8.94E-05,5.86E-05,9.66E-05,7.40E-05,6.16E-05,5.67E-05,24:0,NA
GM3 d18:0/24:0,GM3,7.80E-06,1.03E-05,1.85E-05,1.21E-05,1.72E-05,1.86E-05,1.84E-05,2.28E-05,24:0,NA
PC36:4p(16:0p_20:4),PC,4.38E-06,1.27E-05,3.16E-05,5.97E-05,5.01E-05,9.24E-05,0.00036479,0.000696159,16:0,20:4
PC38:4p(18:0p_20:4),PC,4.94E-05,0.00010338,0.00023042,0.00053071,0.000646861,0.000846769,0.002636436,0.002929195,18:0,20:4
PC38:3p(18:0p_20:3),PC,5.32E-06,1.28E-05,3.41E-05,7.19E-05,0.000110889,0.000113338,0.000393835,0.000322087,18:0,20:3
PC32:2(16:1_16:1),PC,5.73E-05,0.000200582,0.000404097,0.000397596,0.000419175,0.000165503,0.000136024,0.000373267,16:1,16:1
PC32:1(16:0_16:1),PC,0.000529216,0.001714217,0.00329815,0.003244885,0.003176653,0.002194703,0.005092128,0.010558848,16:0,16:1
PC34:3(16:1_18:2),PC,5.21E-05,0.000152313,0.000288525,0.000348279,0.000455454,0.000393805,0.000698883,0.00263288,16:1,18:2
PC34:2(16:0_18:2),PC,0.00058118,0.001871214,0.003909275,0.006210693,0.007075048,0.010088751,0.045176465,0.115934229,16:0,18:2
PC34:2(16:1_18:1),PC,0.000139661,0.000406927,0.001009997,0.001121866,0.001357339,0.000666298,0.000792277,0.002049808,16:1,18:1
PC34:1(16:0_18:1),PC,0.001227484,0.003988229,0.009937734,0.012776694,0.013583381,0.011951844,0.036096877,0.079677264,16:0,18:1
PC34:1(16:1_18:0),PC,7.17E-05,0.00024374,0.00069587,0.001136316,0.001060188,0.000381409,0.00048094,0.001055666,16:1,18:0
PC36:5(20:5_16:0),PC,6.86E-06,3.04E-05,0.000119683,0.000374098,0.000485025,0.000367589,0.000926068,0.004908002,20:5,16:0
PC36:5(20:4_16:1),PC,2.58E-05,0.000110994,0.000149923,0.000174836,0.000174157,0.000163805,0.000354557,0.001330046,20:4,16:1
PC36:4(20:4_16:0),PC,0.000324798,0.001584019,0.003009768,0.004504415,0.004470555,0.00655913,0.045114053,0.113397089,20:4,16:0
PC36:4(20:3_16:1),PC,6.57E-06,2.82E-05,4.73E-05,4.85E-05,6.58E-05,3.69E-05,9.80E-05,0.000320863,20:3,16:1
PC36:4(18:2_18:2),PC,0.000113963,0.000313167,0.000444837,0.000573277,0.0005325,0.001507485,0.002990851,0.010195345,18:2,18:2
PC36:3(20:3_16:0),PC,8.66E-05,0.000376087,0.000896487,0.001744467,0.001920625,0.001006257,0.011145876,0.025184955,20:3,16:0
PC36:3(18:1_18:2),PC,0.000154457,0.000396051,0.000842523,0.001238219,0.001907838,0.001791597,0.00317266,0.009271293,18:1,18:2
PC36:2(18:0_18:2),PC,0.00010388,0.000330025,0.000935738,0.002220235,0.002941104,0.00231329,0.009763971,0.029468269,18:0,18:2
PC36:2(18:1_18:1),PC,0.000311336,0.000850493,0.002396627,0.003107978,0.005251619,0.003242628,0.003558825,0.00826712,18:1,18:1
PC36:1(18:0_18:1),PC,9.09E-05,0.00030702,0.000903901,0.002117372,0.00261138,0.001418492,0.005016474,0.012962125,18:0,18:1
PC38:6(22:6_16:0),PC,4.45E-05,0.000204541,0.000588614,0.002747817,0.003290168,0.002716822,0.029122647,0.062606478,22:6,16:0
PC38:6(20:4_18:2),PC,4.14E-05,0.000158487,0.000153624,0.000146615,0.000121375,0.000285059,0.00086,0.003975352,20:4,18:2
PC38:6(20:3_18:3),PC,4.16E-06,9.07E-06,1.15E-05,2.48E-05,3.72E-05,2.75E-05,0.000177195,0.000215857,20:3,18:3
PC38:5(22:5_16:0),PC,1.16E-05,4.30E-05,9.75E-05,0.00031264,0.000426554,0.000358775,0.003673498,0.008210892,22:5,16:0
PC38:5(20:4_18:1),PC,0.000110485,0.000350144,0.000597345,0.000584089,0.00088599,0.001179558,0.00286712,0.010793556,20:4,18:1
PC38:5(20:3_18:2),PC,1.07E-05,2.71E-05,4.00E-05,4.69E-05,6.21E-05,7.22E-05,0.000297217,0.000867357,20:3,18:2
PC38:4(20:4_18:0),PC,0.000192375,0.000591224,0.001174383,0.001971928,0.002842237,0.003212363,0.019854781,0.043550089,20:4,18:0
PC38:4(20:3_18:1),PC,2.54E-05,8.02E-05,0.000174431,0.0002196,0.000397634,0.000225357,0.000832059,0.002141297,20:3,18:1
PC38:3(20:3_18:0),PC,3.73E-05,0.000119027,0.000332376,0.000814021,0.00143352,0.000539253,0.00470984,0.008689321,20:3,18:0
PC40:7(22:6_18:1),PC,1.37E-05,3.61E-05,8.05E-05,0.000217706,0.000340707,0.000313065,0.001111897,0.004380768,22:6,18:1
PC40:7(20:4_20:3),PC,1.29E-05,3.48E-05,3.91E-05,3.56E-05,3.01E-05,4.60E-05,0.000159541,0.000375879,20:4,20:3
PC40:7(20:3_20:4),PC,4.45E-06,1.13E-05,1.27E-05,1.25E-05,1.25E-05,2.06E-05,9.52E-05,0.000166981,20:3,20:4
PC40:6(22:6_18:0),PC,2.22E-05,7.39E-05,0.000192353,0.001005937,0.001448946,0.000713649,0.006473672,0.012543871,22:6,18:0
PC40:6(22:5_18:1),PC,5.24E-06,8.42E-06,2.04E-05,3.40E-05,6.09E-05,6.67E-05,0.000165012,0.000548128,22:5,18:1
PC40:6(20:4_20:2),PC,7.53E-06,1.89E-05,2.20E-05,1.88E-05,2.99E-05,6.88E-05,0.000359848,0.000755897,20:4,20:2
PC40:6(20:3_20:3),PC,3.64E-06,7.06E-06,7.74E-06,7.30E-06,1.05E-05,1.76E-05,7.37E-05,0.000138098,20:3,20:3
PC40:5(22:5_18:0),PC,7.72E-06,1.85E-05,3.53E-05,0.000123201,0.000250477,0.000143093,0.000892827,0.001881636,22:5,18:0
PC40:5(20:4_20:1),PC,8.85E-06,1.73E-05,2.20E-05,2.44E-05,3.13E-05,5.52E-05,0.0002921,0.000629226,20:4,20:1
PC40:5(20:3_20:2),PC,1.92E-06,3.03E-06,5.58E-06,5.77E-06,9.42E-06,1.25E-05,9.44E-05,0.000132787,20:3,20:2
PC42:7(22:6_20:1),PC,5.65E-07,1.90E-06,3.31E-06,5.05E-06,7.95E-06,1.49E-05,0.000111546,0.000276004,22:6,20:1
CL66:4(16:1),CL,2.51E-07,3.91E-07,3.31E-07,2.01E-07,1.19E-06,9.24E-07,2.67E-07,1.16E-06,66:4,NA
CL68:6(16:1),CL,4.71E-07,7.26E-07,6.46E-07,9.09E-07,5.41E-06,5.87E-06,9.10E-07,2.70E-06,68:6,NA
CL68:5(16:1),CL,8.49E-07,1.21E-06,1.21E-06,1.02E-06,4.98E-06,4.56E-06,6.28E-07,2.48E-06,68:5,NA
CL68:5(18:2),CL,1.29E-06,1.41E-06,1.02E-06,8.27E-07,5.61E-06,4.60E-06,8.10E-06,4.43E-05,68:5,NA
CL70:8(16:1),CL,1.11E-07,1.27E-07,1.19E-07,1.27E-07,9.39E-07,8.45E-07,3.71E-07,1.64E-06,70:8,NA
CL70:7(16:1),CL,1.30E-06,1.70E-06,1.43E-06,2.86E-06,2.06E-05,1.78E-05,1.36E-05,6.44E-05,70:7,NA
CL70:6(16:1),CL,2.42E-06,2.87E-06,2.82E-06,3.05E-06,1.90E-05,1.55E-05,8.69E-06,3.05E-05,70:6,NA
CL70:6(18:2),CL,5.21E-06,6.52E-06,4.96E-06,5.98E-06,4.13E-05,3.30E-05,2.40E-05,0.000107246,70:6,NA
CL70:5(16:1),CL,2.01E-06,2.33E-06,2.62E-06,1.96E-06,9.87E-06,7.66E-06,2.64E-06,7.56E-06,70:5,NA
CL70:5(18:2),CL,4.16E-06,4.27E-06,4.01E-06,3.02E-06,1.68E-05,1.54E-05,1.24E-05,6.83E-05,70:5,NA
CL70:4(16:1),CL,6.90E-07,9.10E-07,1.06E-06,5.69E-07,2.92E-06,2.75E-06,5.89E-07,1.43E-06,70:4,NA
CL70:4(18:2),CL,2.45E-06,2.31E-06,2.15E-06,1.25E-06,5.73E-06,8.14E-06,6.10E-06,3.29E-05,70:4,NA
CL72:10(18:2),CL,9.57E-08,1.30E-07,1.45E-07,1.16E-07,1.10E-06,1.64E-06,1.20E-06,7.59E-06,72:10,NA
CL72:9(16:1),CL,2.06E-07,3.35E-07,2.30E-07,1.89E-07,1.36E-06,1.13E-06,6.14E-07,2.96E-06,72:9,NA
CL72:9(18:2),CL,6.64E-07,7.38E-07,5.31E-07,9.96E-07,1.18E-05,8.01E-06,1.34E-05,0.000114071,72:9,NA
CL72:8(16:1),CL,3.56E-07,5.38E-07,3.47E-07,3.56E-07,2.52E-06,2.06E-06,1.58E-06,5.50E-06,72:8,NA
CL72:8(18:2),CL,1.10E-05,1.18E-05,1.03E-05,2.81E-05,0.000261253,0.000220333,0.000641026,0.005392468,72:8,NA
CL72:8(20:3),CL,1.34E-07,1.51E-07,1.39E-07,2.06E-07,1.52E-06,1.39E-06,1.24E-06,4.19E-06,72:8,NA
CL72:7(16:1),CL,8.23E-07,9.40E-07,6.54E-07,5.67E-07,2.59E-06,2.67E-06,3.96E-06,1.46E-05,72:7,NA
CL72:7(18:2),CL,2.11E-05,2.07E-05,1.75E-05,2.90E-05,0.000212768,0.000180676,0.000440892,0.002259823,72:7,NA
CL72:7(20:3),CL,1.84E-07,2.32E-07,2.27E-07,1.78E-07,1.14E-06,9.02E-07,1.00E-06,3.47E-06,72:7,NA
CL72:6(16:1),CL,7.88E-07,9.10E-07,8.29E-07,4.64E-07,1.99E-06,3.51E-06,2.17E-06,6.99E-06,72:6,NA
CL72:6(18:2),CL,1.46E-05,1.53E-05,1.33E-05,1.39E-05,8.34E-05,7.97E-05,0.000129453,0.000502245,72:6,NA
CL72:5(18:2),CL,4.95E-06,4.57E-06,4.51E-06,3.52E-06,2.08E-05,2.37E-05,2.22E-05,7.04E-05,72:5,NA
CL74:11(16:1),CL,6.22E-08,1.47E-07,2.41E-07,2.17E-07,1.69E-06,2.48E-06,6.17E-07,4.02E-06,74:11,NA
CL74:11(18:2),CL,1.81E-07,3.04E-07,4.08E-07,4.27E-07,3.77E-06,4.47E-06,2.96E-06,1.97E-05,74:11,NA
CL74:10(16:1),CL,1.19E-07,2.35E-07,2.30E-07,2.00E-07,1.14E-06,1.48E-06,6.36E-07,1.68E-06,74:10,NA
CL74:10(18:2),CL,1.54E-06,1.83E-06,1.01E-06,1.42E-06,1.47E-05,8.91E-06,2.48E-05,0.000163938,74:10,NA
CL74:10(20:4),CL,3.76E-07,4.17E-07,2.13E-07,2.98E-07,3.26E-06,1.88E-06,5.65E-06,3.64E-05,74:10,NA
CL74:9(18:2),CL,2.94E-06,3.60E-06,2.10E-06,3.15E-06,3.70E-05,2.25E-05,6.85E-05,0.000476401,74:9,NA
CL74:9(20:4),CL,6.80E-07,1.10E-06,9.42E-07,5.30E-07,5.46E-06,4.73E-06,5.50E-06,3.00E-05,74:9,NA
CL74:9(20:3),CL,3.85E-07,4.44E-07,3.13E-07,7.17E-07,8.30E-06,5.17E-06,1.75E-05,0.000139442,74:9,NA
CL74:8(16:1),CL,1.24E-07,1.09E-07,9.45E-08,5.86E-08,3.48E-07,5.82E-07,3.19E-07,1.13E-06,74:8,NA
CL74:8(18:2),CL,8.42E-06,6.30E-06,3.88E-06,4.68E-06,3.68E-05,2.92E-05,0.000197981,0.001187166,74:8,NA
CL74:8(20:3),CL,5.97E-07,5.95E-07,4.98E-07,6.02E-07,6.20E-06,3.68E-06,1.23E-05,5.38E-05,74:8,NA
CL74:7(18:2),CL,7.74E-06,5.30E-06,4.40E-06,3.21E-06,2.16E-05,3.66E-05,0.000105664,0.000464442,74:7,NA
CL74:7(20:3),CL,3.41E-07,3.99E-07,4.61E-07,2.64E-07,2.07E-06,1.60E-06,2.99E-06,1.01E-05,74:7,NA
CL74:6(20:3),CL,1.52E-07,1.54E-07,2.78E-07,1.07E-07,7.95E-07,8.93E-07,6.94E-07,1.97E-06,74:6,NA
CL76:14(16:1),CL,2.44E-06,3.44E-06,2.28E-06,1.20E-06,1.57E-05,7.78E-06,1.07E-06,5.84E-06,76:14,NA
CL76:13(16:1),CL,6.96E-07,9.17E-07,7.52E-07,3.51E-07,4.37E-06,2.45E-06,3.80E-07,2.35E-06,76:13,NA
CL76:13(18:2),CL,5.14E-06,4.67E-06,4.88E-06,3.59E-06,3.08E-05,4.28E-05,3.72E-05,0.000441819,76:13,NA
CL76:12(16:1),CL,1.11E-06,1.36E-06,1.51E-06,6.05E-07,9.57E-06,5.62E-06,1.04E-06,7.95E-06,76:12,NA
CL76:12(18:2),CL,1.20E-06,1.63E-06,1.68E-06,2.37E-06,2.72E-05,2.58E-05,3.31E-05,0.000293471,76:12,NA
CL76:11(18:2),CL,7.25E-07,1.27E-06,1.12E-06,1.54E-06,1.61E-05,1.29E-05,2.46E-05,0.000146802,76:11,NA
CL76:11(20:4),CL,1.64E-07,1.96E-07,1.41E-07,7.37E-08,8.97E-07,8.95E-07,7.99E-07,4.46E-06,76:11,NA
CL76:11(20:3),CL,3.01E-08,5.29E-08,4.16E-08,3.70E-08,5.95E-07,3.62E-07,9.27E-07,3.63E-06,76:11,NA
CL76:10(18:2),CL,1.01E-06,9.72E-07,6.50E-07,6.32E-07,5.96E-06,5.04E-06,1.39E-05,6.59E-05,76:10,NA
CL76:10(20:4),CL,2.65E-07,2.01E-07,1.38E-07,7.32E-08,9.10E-07,8.90E-07,1.88E-06,8.70E-06,76:10,NA
CL76:10(20:3),CL,7.95E-08,7.01E-08,5.92E-08,7.68E-08,1.04E-06,6.49E-07,2.32E-06,1.04E-05,76:10,NA
CL76:9(18:2),CL,7.79E-07,7.84E-07,4.56E-07,3.37E-07,3.05E-06,3.14E-06,1.21E-05,5.62E-05,76:9,NA
CL76:9(20:3),CL,2.34E-07,1.87E-07,1.13E-07,1.10E-07,9.41E-07,7.22E-07,5.19E-06,2.53E-05,76:9,NA
CL78:14(18:2),CL,2.80E-07,3.40E-07,3.92E-07,3.26E-07,5.37E-06,3.97E-06,2.31E-06,2.29E-05,78:14,NA
CL78:13(20:3),CL,3.75E-09,2.13E-08,2.78E-08,2.92E-08,3.78E-07,3.33E-07,7.51E-07,3.70E-06,78:13,NA
CL78:13(18:2),CL,1.53E-07,1.85E-07,2.78E-07,2.37E-07,3.04E-06,3.41E-06,2.85E-06,1.92E-05,78:13,NA
CL78:12(18:2),CL,1.56E-07,2.47E-07,3.21E-07,2.89E-07,2.29E-06,4.07E-06,5.93E-06,3.55E-05,78:12,NA
CL78:11(20:3),CL,3.15E-08,2.35E-08,2.85E-08,1.77E-08,2.22E-07,1.78E-07,5.72E-07,1.97E-06,78:11,NA
CL78:11(18:2),CL,1.69E-07,2.08E-07,2.91E-07,2.28E-07,1.66E-06,4.90E-06,4.38E-06,2.60E-05,78:11,NA
